<?xml version="1.0" encoding="utf-8"?>
<?xml-stylesheet type="text/xsl" href="../../../../../../../../../languagetool-core/src/main/resources/org/languagetool/rules/print.xsl" title="Pretty print" ?>
<?xml-stylesheet type="text/css" href="../../../../../../../../../languagetool-core/src/main/resources/org/languagetool/rules/rules.css" title="Easy editing stylesheet" ?>
<!--
German Disambiguation Rules for LanguageTool
Copyright © 2013 Markus Brenneis, Daniel Naber, Jan Schreiber
-->

<rules lang="de" xsi:noNamespaceSchemaLocation="../../../../../../../../../languagetool-core/src/main/resources/org/languagetool/resource/disambiguation.xsd" xmlns:xsi="http://www.w3.org/2001/XMLSchema-instance" xmlns:xs="http://www.w3.org/2001/XMLSchema">
    <rule name=".,;:…!? UNKNOWN -> PKT" id="UNKNOWN_PKT">
        <pattern>
            <marker>
                <token regexp="yes">[\.,;:…!\?]</token>
            </marker>
        </pattern>
        <disambig action="add"><wd pos="PKT"/></disambig>
    </rule>
</rules>
